SNP,p,effect_allele,other_allele,N,eaf,beta,se,maf,r2,F
rs1678701,3.45E-13,A,G,29498,0.423519861,-0.060564106,0.008324734,0.423519861,0.001791096,52.92494719
rs1678697,4.34E-13,G,A,29502,0.424569616,-0.060284394,0.008321517,0.424569616,0.001775749,52.47777281
rs1678696,4.37E-13,G,A,29503,0.424553588,-0.060275366,0.008321419,0.424553588,0.001775199,52.46328638
rs1629877,4.82E-13,C,A,29504,0.424650812,-0.060163726,0.008321055,0.424650812,0.001768736,52.27369497
rs1678700,5.39E-13,G,A,29504,0.424273311,-0.060042816,0.008322058,0.424273311,0.001761222,52.05125419
rs1678702,5.44E-13,C,A,29504,0.424405436,-0.060031221,0.00832172,0.424405436,0.001760686,52.03538351
rs1678695,5.58E-13,A,G,29504,0.424613062,-0.059997466,0.008321193,0.424613062,0.001758932,51.98346049
rs1738203,6.38E-13,A,G,29507,0.568338806,-0.059720399,0.008303611,0.431661194,0.00174995,51.722796
rs1678707,6.49E-13,G,A,29506,0.424750868,-0.059822615,0.0083206,0.424750868,0.001748844,51.6882831
rs1678706,6.83E-13,G,A,29506,0.424694247,-0.059765515,0.008320759,0.424694247,0.001745446,51.58768297
rs9380787,7.07E-13,G,T,29616,0.557232539,-0.059323893,0.008264913,0.442767461,0.001736607,51.51733319
rs6919465,7.11E-13,G,A,29506,0.424675374,-0.059721008,0.008320818,0.424675374,0.001742827,51.51014305
rs1678712,7.24E-13,G,A,29506,0.424750868,-0.059698023,0.00832063,0.424750868,0.001741567,51.47283067
rs984524,7.43E-13,G,A,29506,0.424807489,-0.05966625,0.008320492,0.424807489,0.001739774,51.41975483
rs1738199,7.61E-13,A,G,29505,0.565059832,-0.059468824,0.008296548,0.434940168,0.001738332,51.37530751
rs1738212,7.80E-13,C,A,29506,0.424826363,-0.059611915,0.008320457,0.424826363,0.001736627,51.32658112
rs1678693,1.04E-12,C,T,29506,0.425260456,-0.05927593,0.008319429,0.425260456,0.001717564,50.76218381
rs1678691,2.06E-12,C,T,29506,0.426204137,-0.058473472,0.008317233,0.426204137,0.001672333,49.42317317
rs9349100,2.36E-12,T,C,29507,0.563979164,-0.058150822,0.008294226,0.436020836,0.001663076,49.15078964
rs1678692,2.50E-12,C,T,29508,0.426020986,-0.058249703,0.008317465,0.426020986,0.001659375,49.04288694
rs9394544,3.05E-12,A,G,29500,0.569036472,-0.057943024,0.008306648,0.430963528,0.001646694,48.65430143
rs1678682,6.45E-12,G,A,29508,0.565618631,-0.057000264,0.008297948,0.434381369,0.001596536,47.18271035